id,title,url
1,WordPress,http://wordpress.org
2,MantisBT,http://www.mantisbt.org
3,Drupal,http://drupal.org
4,SugarCRM,http://www.sugarcrm.com
5,Joomla,http://www.joomla.org
6,MediaWiki,http://www.mediawiki.org
7,Vanilla,http://vanillaforums.org
8,osCommerce,http://www.oscommerce.com
9,phpBB,http://www.phpbb.com
10,Mambo,http://mambo-foundation.org
11,PhpGedView,http://www.phpgedview.net
12,Moodle,http://moodle.org
13,dotProject,http://www.dotproject.net
14,Movable_Type,http://movabletype.org
15,Phorum,http://www.phorum.org
16,XOOPS_CMS,http://www.xoops.org
17,MyBB,http://www.mybboard.net
18,PHP-Nuke,http://www.phpnuke.org
19,Roundcube,http://www.roundcube.net
20,Trac,http://trac.edgewall.org
21,Gallery,http://gallery.menalto.com
22,Alfresco,http://www.alfresco.com
23,Hudson,https://hudson.dev.java.net
24,Pligg,http://pligg.com
25,LimeSurvey,http://limesurvey.org
26,Just_Linux,http://www.linux.org
27,CalemEAM,http://eam.calemeam.com/eam/index.php
28,OrangeHRM,http://www.orangehrm.com
29,PostBooks,http://www.xtuple.com/postbooks
30,Radiant,http://radiantcms.org
31,Just_PHP,http://php.net
32,netjukebox,http://www.netjukebox.nl
33,WebSVN,http://www.websvn.info
34,Bugzilla,http://www.bugzilla.org
35,Magento,www.magentocommerce.com
36,MODx,http://modxcms.com
37,OpenEMR,http://www.oemr.org
38,DokuWiki,http://www.dokuwiki.org
39,vtiger_CRM,http://www.vtiger.com
40,ProjectPier,http://www.projectpier.org
41,GLPI,http://www.glpi-project.org
42,SilverStripe,http://www.silverstripe.org
43,Omeka,http://omeka.org
44,TikiWiki,http://info.tikiwiki.org/tiki-index.php
45,Just_Drizzle,http://drizzle.org
46,phpList,http://phplist.com
47,anyInventory,http://anyinventory.sourceforge.net
48,WordPress_On_Drizzle,http://wordpress.org/extend/plugins/drizzle
49,OpenX,http://openx.org
50,Tracks,http://getontracks.org
51,MindTouch,http://www.mindtouch.com
52,Just_Tcat,http://www.mulesoft.com/tcat-server-enterprise-tomcat-application-server
53,Openbravo,http://www.openbravo.com
54,Enano_CMS,http://enanocms.org
55,Coppermine,http://coppermine-gallery.net
56,Spree,http://spreecommerce.com
57,OpenVBX,http://openvbx.org
58,Redmine-legacy,http://www.redmine.org
59,Drupal_For_Government,http://drupal.org
60,phpMyAdmin,http://www.phpmyadmin.net/home_page/index.php
61,TWiki,http://twiki.org
62,CiviCRM_On_Joomla,http://civicrm.org
63,KnowledgeTree,http://www.knowledgetree.org
64,Claroline,http://www.claroline.net
65,Plone,http://plone.org
66,ATutor,http://www.atutor.ca
67,Dokeos,http://www.dokeos.com
68,Docebo,http://www.docebo.com/doceboCms
69,SiteAtSchool,http://siteatschool.org
70,Just_Rails,http://rubyonrails.org
71,JasperServer,http://jasperforge.org/projects/jasperserver
72,StatusNet,http://gallery.menalto.com
73,Concrete5,http://www.concrete5.org
74,Just_LAMP,http://www.php.net
75,XWiki,http://www.xwiki.org
76,phpFreeChat,http://www.phpfreechat.net
77,osTicket,http://osticket.com
78,WebCollab,http://webcollab.sourceforge.net
79,web2Project,http://web2project.net
80,Piwik,http://piwik.org
81,vTigerPlus,http://www.borugroup.com
82,CubeHenge,http://cubehenge.com
83,Atrium,http://openatrium.com
84,Joomailer,http://www.joomailer.com
85,Collabtive,http://collabtive.o-dyn.de
86,FengOffice,http://www.fengoffice.com
87,OpenPublish,http://openpublishapp.com
88,Sheetster_Pro,http://extentech.com/index.jsp
89,EasyTrader,http://nexaweb.com
90,Sheetster_CE,http://extentech.com/index.jsp
91,ChimpExpress,http://www.chimpexpress.com
92,GeoServer,http://www.geoserver.com
93,Just_Oracle,http://www.oracle.com
94,Jenkins,http://jenkins-ci.org
95,Nexaweb_Oracle,http://www.oracle.com
96,Nexaweb_Jenkins,http://jenkins-ci.org
97,eZPublish,http://ez.no
98,WaveMaker_Community,http://wavemaker.com
99,OpenPublic,http://openpublicapp.com
100,JoomlaMailer,http://www.joomlamailer.com
101,Ushahidi,http://www.ushahidi.com
102,Nexaweb_Tomcat,http://tomcat.apache.org
103,GeoNetwork,http://geonetwork-opensource.org
104,Just_Tomcat,http://tomcat.apache.org
105,PhpCollab,http://www.php-collab.org
106,Just_MySQL,http://www.mysql.com
107,Just_PostgreSQL,http://www.postgresql.org
108,Typo3,http://typo3.org
109,SugarCRM_Professional,http://www.sugarcrm.com
110,SugarCRM_Enterprise,http://www.sugarcrm.com
111,Fluxtream_Tomcat,http://tomcat.apache.org
112,Build_Rails,http://rubyonrails.org
113,Build_Pythonbrew,http://pypi.python.org/pypi/pythonbrew/0.7.3
114,OSQA,http://www.osqa.net
115,Just_Python,http://python.org
116,Nexaweb_Weblogic,http://www.oracle.com/weblogicserver
117,Kaltura_on_Drupal,http://drupal.org/project/kaltura
118,Refinery_CMS,http://refinerycms.com
119,Apache_Load_Balancer,http://httpd.apache.org
120,Open-AudIT,http://www.open-audit.org
121,Linux_Platform,http://www.linux.org
122,PHP_Platform,http://php.net
123,Drizzle_Platform,http://drizzle.org
124,Tcat_Platform,http://www.mulesoft.com/tcat-server-enterprise-tomcat-application-server
125,Rails_Platform,http://rubyonrails.org
126,LAMP_Platform,http://www.linux.org
127,Oracle_Platform,http://www.oracle.com
128,Apache_Tomcat_Platform,http://tomcat.apache.org
129,MySQL_Platform,http://www.mysql.com
130,PostgreSQL_Platform,http://www.postgresql.org
131,Python_Platform,http://python.org
132,Platform_for_Linux,http://www.linux.org
133,Platform_for_PHP,http://php.net
134,Platform_for_Drizzle,http://drizzle.org
135,Platform_for_Tcat,http://www.mulesoft.com/tcat-server-enterprise-tomcat-application-server
136,Platform_for_Rails,http://rubyonrails.org
137,Platform_for_LAMP,http://www.linux.org
138,Platform_for_Oracle,http://www.oracle.com
139,Platform_for_Apache_Tomcat,http://tomcat.apache.org
140,Platform_for_MySQL,http://www.mysql.com
141,Platform_for_PostgreSQL,http://www.postgresql.org
142,Platform_for_Python,http://python.org
143,Nexaweb_WebSphere,http://www.ibm.com/websphere
144,Genero,http://www.4js.com
145,SocialEngine,http://www.socialengine.net
146,Infochimps_trstrank,http://www.infochimps.com/datasets/twitter-census-trst-rank
147,CiviCRM_On_Drupal,http://civicrm.org
148,Platform_for_dotNET,http://www.microsoft.com/net
149,IBM_Business_Process_Manager,http://www-01.ibm.com/software/integration/business-process-manager/standard
150,DotNetNuke,http://www.dotnetnuke.com
151,Zimbra,http://www.zimbra.com
152,IBM_Process_Designer,http://www-01.ibm.com/software/integration/business-process-manager/standard
153,OpenEnterprise,http://www.leveltendesign.com/enterprise
154,Liferay_Portal_CE,http://www.liferay.com
155,Liferay_Portal_EE,http://www.liferay.com
156,Talaria_WordPress,http://wordpress.org
157,Platform_for_Apache_Solr,http://lucene.apache.org/solr
158,Drupal_with_Solr,http://drupal.org/project/apachesolr
159,Windows,http://www.microsoft.com
160,ownCloud,http://www.owncloud.org
161,PyroCMS,http://www.pyrocms.com
162,PyroCMS_Professional,http://www.pyrocms.com
163,Drupal_Commerce_Kickstart,http://drupal.org/project/commerce_kickstart
164,Alfresco_Enterprise,http://www.alfresco.com
165,Alfresco_Community,http://alfresco.com/community
166,CubeHenge_2_with_Cubiclebox,http://cubehenge.com
167,WordPress_Installed_With_Puppet,http://wordpress.org
168,Ardent_Inc,http://ardentinc.com
169,Platform_for_Django,http://djangoproject.com
170,SQL_Server,http://www.microsoft.com/sqlserver/en/us/default.aspx
171,Platform_for_Node.js,http://nodejs.org
172,Cloud_Foundry,http://cloudfoundry.org
173,Hosted_ownCloud_for_Teams,http://www.owncloud.org
174,ProcessMaker,http://processmaker.com
176,Oracle_Database,http://cloudstartinc.com
177,Bonita_Open_Solution,http://www.bonitasoft.com
178,Oracle_E-Business_Suite,http://cloudstartinc.com
179,Symphony,http://getsymphony.com
180,Ensemble_One,http://getsymphony.com
181,Ensemble_Two,http://getsymphony.com
182,Ensemble_Three,http://getsymphony.com
183,Ensemble_Four,http://getsymphony.com
184,PrestaShop,http://prestashop.com
185,CiviCRM_On_Wordpress,http://civicrm.org
186,Cumulogic,http://www.cumulogic.com
187,MuraCMS,http://www.getmura.org
188,Oracle_Transportation_Management,http://cloudstartinc.com
189,Symphony_Pulse,http://getsymphony.com
190,Enonic_CMS_Community,https://enonic.com
192,Hosted_ownCloud_for_Businesses,http://www.owncloud.org
193,Simutest,http://www.linux.org
194,WordPress_W3_Total_Cache,http://wordpress.org
195,SetSeed,http://beta.setseed.com
196,WordPress_GreenQloud_Edition,http://wordpress.org
197,IBM_BPM,http://www-01.ibm.com/software/integration/business-process-manager
198,IBM_WebSphere,http://www.ibm.com/websphere
199,IBM_DB2,http://www-01.ibm.com/software/data/db2
200,IBM_BigInsights,http://www-01.ibm.com/software/data/infosphere/biginsights
201,IBM_WebSphere_Portal,http://www-01.ibm.com/software/websphere/portal
202,StoneRiver,http://www.stoneriver.com/solutions/efreedom-annual-statement
203,Windows_With_Pertino,http://www.pertino.com
204,Platform_for_Railo,http://getrailo.org
205,OpenKM_Professional,http://www.openkm.com
206,App_Driven_Stack_Test,http://www.centos.org
207,OpenCart,http://www.opencart.com
208,App_Driven_phpList,http://phplist.com
209,OpenERP,https://www.openerp.com
210,Stingray,http://www.riverbed.com/products-solutions/products/application-delivery-stingray
211,App_Driven_Joomla,http://www.joomla.org
212,App_Driven_Vanilla,http://vanillaforums.org
213,App_Driven_WordPress,http://wordpress.org
214,Redmine,http://www.redmine.org
215,Ubuntu,http://www.ubuntu.com
216,CentOS,http://www.centos.org
217,Red_Hat_Enterprise_Linux,http://www.redhat.com/products/enterprise-linux
218,Debian,http://www.debian.org
219,SmartOS,http://smartos.org
220,IBM_BLU,http://www-01.ibm.com/software/data/blu
221,zend_server,http://www.zend.com/en/products/server
222,Revive_Adserver,http://openx.org
